<?xml version="1.0" encoding="UTF-8"?>
<project-private xmlns="http://www.netbeans.org/ns/project-private/1">
    <editor-bookmarks xmlns="http://www.netbeans.org/ns/editor-bookmarks/2" lastBookmarkId="0"/>
    <open-files xmlns="http://www.netbeans.org/ns/projectui-open-files/2">
        <group>
            <file>file:/C:/Users/ASUS/OneDrive/Desktop/KUR%20IT%202022%20p%2023%20Assignment%202%20OOP/WebPractical/src/webpractical/Question7.java</file>
            <file>file:/C:/Users/ASUS/OneDrive/Desktop/KUR%20IT%202022%20p%2023%20Assignment%202%20OOP/WebPractical/src/webpractical/Question4.java</file>
            <file>file:/C:/Users/ASUS/OneDrive/Desktop/KUR%20IT%202022%20p%2023%20Assignment%202%20OOP/WebPractical/src/webpractical/WebPractical.java</file>
            <file>file:/C:/Users/ASUS/OneDrive/Desktop/KUR%20IT%202022%20p%2023%20Assignment%202%20OOP/WebPractical/src/webpractical/Question3.java</file>
            <file>file:/C:/Users/ASUS/OneDrive/Desktop/KUR%20IT%202022%20p%2023%20Assignment%202%20OOP/WebPractical/src/webpractical/Question5.java</file>
            <file>file:/C:/Users/ASUS/OneDrive/Desktop/KUR%20IT%202022%20p%2023%20Assignment%202%20OOP/WebPractical/src/webpractical/Question2.java</file>
            <file>file:/C:/Users/ASUS/OneDrive/Desktop/KUR%20IT%202022%20p%2023%20Assignment%202%20OOP/WebPractical/src/webpractical/Question6.java</file>
        </group>
    </open-files>
</project-private>
